http://wildtechgarden.ca/ https://www.wildtechgarden.ca/ 301!
https://wildtechgarden.ca/ https://www.wildtechgarden.ca/ 301!
http://wildtechgarden.com/ https://www.wildtechgarden.ca/ 301!
https://wildtechgarden.com/ https://www.wildtechgarden.ca/ 301!
http://thewildtechgarden.ca/ https://www.wildtechgarden.ca/ 301!
https://thewildtechgarden.ca/ https://www.wildtechgarden.ca/ 301!
http://thewildtechgarden.com/ https://www.wildtechgarden.ca/ 301!
https://thewildtechgarden.com/ https://www.wildtechgarden.ca/ 301!
http://www.wildtechgarden.ca/ https://www.wildtechgarden.ca/ 301!
http://www.wildtechgarden.com/ https://www.wildtechgarden.ca/ 301!
https://www.wildtechgarden.com/ https://www.wildtechgarden.ca/ 301!
http://www.thewildtechgarden.ca/ https://www.wildtechgarden.ca/ 301!
https://www.thewildtechgarden.ca/ https://www.wildtechgarden.ca/ 301!
http://www.thewildtechgarden.com/ https://www.wildtechgarden.ca/ 301!
https://www.thewildtechgarden.com/ https://www.wildtechgarden.ca/ 301!
{{- range site.Pages -}}
	{{- if .Aliases -}}
		{{- $rTarget := .RelPermalink -}}
		{{- range .Aliases -}}
{{ . }} {{ $rTarget }} 301
{{ end -}}
	{{- end -}}
{{- end -}}
/feed/ /index.xml 301
/post/feed/ /blog/index.xml 301
/blog/* https://www.danielfdickinson.ca/blog/:splat 301
/docs/deploy-admin/server-alpine-linux-docs4web/* /deploy-admin/server-alpine-linux-docs4web/:splat 301!
/develop-design/web-design-web-devel/archived-new-oldnew-mashup-theme-hugo/ https://www.danielfdickinson.ca/blog/some-pages-removed/ 301
/develop-design/web-design-web-devel/archived-new-oldnew-mashup-theme-hugo/new-oldnew-mashup-README/ https://www.danielfdickinson.ca/blog/some-pages-removed/ 301
/2021/01/16/archived-new-oldnew-mashup-theme-hugo/ https://www.danielfdickinson.ca/blog/some-pages-removed/ 301
/2021/01/16/new-oldnew-mashup-theme-hugo/ https://www.danielfdickinson.ca/blog/some-pages-removed/ 301
/develop-design/web-design-web-devel/hugo-fusebar/ https://www.danielfdickinson.ca/blog/some-pages-removed/ 301
/archived-new-oldnew-mashup-theme-hugo/ https://www.danielfdickinson.ca/blog/some-pages-removed/ 301
/post/archived-new-oldnew-mashup-theme-hugo/ https://www.danielfdickinson.ca/blog/some-pages-removed/ 301
/new-oldnew-mashup-theme-hugo/ https://www.danielfdickinson.ca/blog/some-pages-removed/ 301
/post/new-oldnew-mashup-theme-hugo/ https://www.danielfdickinson.ca/blog/some-pages-removed/ 301
/projects/defunct/new-oldnew-mashup-theme-hugo/ https://www.danielfdickinson.ca/blog/some-pages-removed/ 301
/projects/defunct/web-design/new-oldnew-mashup-theme-hugo/ https://www.danielfdickinson.ca/blog/some-pages-removed/ 301
/views/ https://www.danielfdickinson.ca/blog/some-pages-removed/ 301
/blog/moved-back-to-netlify/ https://www.danielfdickinson.ca/blog/some-pages-removed/ 301
/post/some-pages-removed/ https://www.danielfdickinson.ca/blog/some-pages-removed/ 301
/posts/some-pages-removed/ https://www.danielfdickinson.ca/blog/some-pages-removed/ 301
/post/accessible-design-no-blank https://www.danielfdickinson.ca/blog/accessible-design-no-blank/ 301
/posts/accessible-design-no-blank https://www.danielfdickinson.ca/blog/accessible-design-no-blank/ 301
/post/relaxation-at-the-midland-copy-shoppe https://www.danielfdickinson.ca/blog/relaxation-at-the-midland-copy-shoppe/ 301
/posts/relaxation-at-the-midland-copy-shoppe https://www.danielfdickinson.ca/blog/relaxation-at-the-midland-copy-shoppe/ 301
/post/too-much-web-not-enough-design/ https://www.danielfdickinson.ca/blog/too-much-web-not-enough-design/ 301
/posts/too-much-web-not-enough-design/ https://www.danielfdickinson.ca/blog/too-much-web-not-enough-design/ 301
/post/moved-back-to-netlify/ https://www.danielfdickinson.ca/blog/no-i-have-not-sold-my-soul-v2/ 301
/posts/moved-back-to-netlify/ https://www.danielfdickinson.ca/blog/no-i-have-not-sold-my-soul-v2/ 301
/post/no-i-have-not-sold-my-soul-v2/ https://www.danielfdickinson.ca/blog/no-i-have-not-sold-my-soul-v2/ 301
/posts/no-i-have-not-sold-my-soul-v2/ https://www.danielfdickinson.ca/blog/no-i-have-not-sold-my-soul-v2/ 301
/posts/halting-infrastructure-via-code-project/ https://www.danielfdickinson.ca/blog/halting-infrastructure-via-code-project/ 301
/post/terraforming-with-ovh-is-not-paradise/ https://www.danielfdickinson.ca/blog/terraforming-with-ovh-is-not-paradise/ 301
/posts/terraforming-with-ovh-is-not-paradise/ https://www.danielfdickinson.ca/blog/terraforming-with-ovh-is-not-paradise/ 301
/2021/03/29/web-design-after-all/ https://www.danielfdickinson.ca/blog/web-design-after-all/ 301
/web-design-after-all/ https://www.danielfdickinson.ca/blog/web-design-after-all/ 301
/post/web-design-after-all/ https://www.danielfdickinson.ca/blog/web-design-after-all/ 301
/posts/web-design-after-all/ https://www.danielfdickinson.ca/blog/web-design-after-all/ 301
/2021/03/09/how-not-to-rebuild-a-wordpress-site/ https://www.danielfdickinson.ca/blog/how-not-to-rebuild-a-wordpress-site/ 301
/how-not-to-rebuild-a-wordpress-site/ https://www.danielfdickinson.ca/blog/how-not-to-rebuild-a-wordpress-site/ 301
/post/how-not-to-rebuild-a-wordpress-site/ https://www.danielfdickinson.ca/blog/how-not-to-rebuild-a-wordpress-site/ 301
/posts/how-not-to-rebuild-a-wordpress-site/ https://www.danielfdickinson.ca/blog/how-not-to-rebuild-a-wordpress-site/ 301
/2021/02/23/archive-rent-or-own/ https://www.danielfdickinson.ca/blog/archive-rent-or-own/ 301
/archive-rent-or-own https://www.danielfdickinson.ca/blog/archive-rent-or-own/ 301
/post/archive-rent-or-own https://www.danielfdickinson.ca/blog/archive-rent-or-own/ 301
/posts/archive-rent-or-own https://www.danielfdickinson.ca/blog/archive-rent-or-own/ 301
/2021/02/20/the-problem-with-thin-pools-volumes/ https://www.danielfdickinson.ca/blog/the-problem-with-thin-pools-volumes/ 301
/the-problem-with-thin-pools-volumes/ https://www.danielfdickinson.ca/blog/the-problem-with-thin-pools-volumes/ 301
/post/the-problem-with-thin-pools-volumes/ https://www.danielfdickinson.ca/blog/the-problem-with-thin-pools-volumes/ 301
/posts/the-problem-with-thin-pools-volumes/ https://www.danielfdickinson.ca/blog/the-problem-with-thin-pools-volumes/ 301
/2021/03/01/archive-dating-with-accelerators/ https://www.danielfdickinson.ca/blog/archive-dating-with-accelerators/ 301
/archive-dating-with-accelerators/ https://www.danielfdickinson.ca/blog/archive-dating-with-accelerators/ 301
/post/archive-dating-with-accelerators/ https://www.danielfdickinson.ca/blog/archive-dating-with-accelerators/ 301
/posts/archive-dating-with-accelerators/ https://www.danielfdickinson.ca/blog/archive-dating-with-accelerators/ 301
/2021/02/10/facebook-meltdown/ https://www.danielfdickinson.ca/blog/facebook-meltdown/ 301
/facebook-meltdown/ https://www.danielfdickinson.ca/blog/facebook-meltdown/ 301
/post/facebook-meltdown/ https://www.danielfdickinson.ca/blog/facebook-meltdown/ 301
/posts/facebook-meltdown/ https://www.danielfdickinson.ca/blog/facebook-meltdown/ 301
/2020/11/29/backing-up-is-hard-to-do/ https://www.danielfdickinson.ca/blog/backing-up-is-hard-to-do/ 301
/backing-up-is-hard-to-do/ https://www.danielfdickinson.ca/blog/backing-up-is-hard-to-do/ 301
/post/backing-up-is-hard-to-do/ https://www.danielfdickinson.ca/blog/backing-up-is-hard-to-do/ 301
/posts/backing-up-is-hard-to-do/ https://www.danielfdickinson.ca/blog/backing-up-is-hard-to-do/ 301
/2020/07/29/archives-a-conversion-from-docbook-sgml-3-x/ https://www.danielfdickinson.ca/blog/archives-conversion-from-docbook-sgml-3-x/ 301
/archives-a-conversion-from-docbook-sgml-3-x/ https://www.danielfdickinson.ca/blog/archives-conversion-from-docbook-sgml-3-x/ 301
/post/archives-a-conversion-from-docbook-sgml-3-x/ https://www.danielfdickinson.ca/blog/archives-conversion-from-docbook-sgml-3-x/ 301
/posts/archives-a-conversion-from-docbook-sgml-3-x/ https://www.danielfdickinson.ca/blog/archives-conversion-from-docbook-sgml-3-x/ 301
/develop-design/web-design-web-devel/test-theme-and-debug-tables/hugo-debug-tables-docs/ https://github.com/danielfdickinson/hugo-debug-tables 301!
/devel/hugo-debug-tables-docs/  https://github.com/danielfdickinson/hugo-debug-tables 301!
/devel/hugo/hugo-debug-tables-docs/  https://github.com/danielfdickinson/hugo-debug-tables 301!
/docs/devel/hugo/hugo-debug-tables-docs/  https://github.com/danielfdickinson/hugo-debug-tables 301!
/develop-design/web-design-web-devel/hugo-dfd-responsive-images/ https://github.com/danielfdickinson/image-handling-mod-hugo-dfd 301!
/devel/hugo-dfd-responsive-images/ https://github.com/danielfdickinson/image-handling-mod-hugo-dfd 301!
/devel/hugo/hugo-dfd-responsive-images/ https://github.com/danielfdickinson/image-handling-mod-hugo-dfd 301!
/docs/devel/hugo/hugo-dfd-responsive-images/ https://github.com/danielfdickinson/image-handling-mod-hugo-dfd 301!
/develop-design/web-design-web-devel/test-theme-and-debug-tables/hugo-minimal-test-docs/ https://github.com/danielfdickinson/minimal-test-theme-hugo-dfd 301!
/devel/hugo-minimal-test-docs/ https://github.com/danielfdickinson/minimal-test-theme-hugo-dfd 301!
/devel/hugo/hugo-minimal-test-docs/ https://github.com/danielfdickinson/minimal-test-theme-hugo-dfd 301!
/docs/devel/hugo/hugo-minimal-test-docs/  https://github.com/danielfdickinson/minimal-test-theme-hugo-dfd 301!
/develop-design/web-design-web-devel/hugo-dfd-demo-site-theme/ https://github.com/danielfdickinson/hugo-dfd-demo-site-theme 301!
/devel/hugo-dfd-demo-site-theme/ https://github.com/danielfdickinson/hugo-dfd-demo-site-theme 301!
/docs/devel/hugo/hugo-dfd-demo-site-theme/ https://github.com/danielfdickinson/hugo-dfd-demo-site-theme 301!
/devel/hugo/hugo-dfd-demo-site-theme/ https://github.com/danielfdickinson/hugo-dfd-demo-site-theme 301!
/develop-design/web-design-web-devel/hugo-dfd-metadata-central/ https://github.com/danielfdickinson/metadata-mod-hugo-dfd 301!
/develop-design/web-design-web-devel/hugo-dfd-microformats/ https://github.com/danielfdickinson/metadata-mod-hugo-dfd 301!
/devel/hugo-dfd-microformats/ https://github.com/danielfdickinson/metadata-mod-hugo-dfd 301!
/devel/hugo-dfd-metadata-central/ https://github.com/danielfdickinson/metadata-mod-hugo-dfd 301!
/devel/hugo-metadata-central/ https://github.com/danielfdickinson/metadata-mod-hugo-dfd 301!
/devel/hugo/hugo-metadata-central/ https://github.com/danielfdickinson/metadata-mod-hugo-dfd 301!
/docs/devel/hugo/hugo-metadata-central/ https://github.com/danielfdickinson/metadata-mod-hugo-dfd 301!
/devel/dananke-theme-hugo-dfd/ https://github.com/danielfdickinson/dananke-theme-hugo-dfd 301!
/devel/hugo/dananke-theme-hugo-dfd/ https://github.com/danielfdickinson/dananke-theme-hugo-dfd 301!
/docs/devel/dananke-theme-hugo-dfd/ https://github.com/danielfdickinson/dananke-theme-hugo-dfd 301!
/docs/devel/hugo/dananke-theme-hugo-dfd/ https://github.com/danielfdickinson/dananke-theme-hugo-dfd 301!
/devel/hugo/hugo-metadata-images/ https://github.com/danielfdickinson/metadata-image-mod-hugo-dfd 301!
/docs/devel/hugo/hugo-metadata-images/ https://github.com/danielfdickinson/metadata-image-mod-hugo-dfd 301!
/devel/link-handling-mod-hugo-dfd/ https://github.com/danielfdickinson/metadata-mod-hugo-dfd 301!
/docs/devel/link-handling-mod-hugo-dfd/ https://github.com/danielfdickinson/metadata-mod-hugo-dfd 301!
/projects/defunct/armshorian/ / 410
/develop-design/arm-development/armshorian/ / 410
/devel/armshorian/ / 410
/devel/arm-devel/armshorian/ / 410
/docs/devel/arm-devel/armshorian/ / 410
/projects/defunct/msmtp-scripts/ / 410
/deploy-admin/msmtp-scripts/ / 410
/sysadmin-devops/self-host/msmtp-scripts/ / 410
/docs/deploy-admin/sysadmin-devops/msmtp-scripts/ / 410
/docs/devel/* /devel/:splat 301!
/docs/deploy-admin/* /deploy-admin/:splat 301!
